{"schemaVersion":17,"addons":[{"id":"loop@mozilla.org","syncGUID":"Qs_X-qTWrS8b","location":"app-system-defaults","version":"1.1.14","type":"extension","internalName":null,"updateURL":null,"updateKey":null,"optionsURL":null,"optionsType":null,"aboutURL":null,"icons":{},"iconURL":null,"icon64URL":null,"defaultLocale":{"name":"Firefox Hello Beta","description":"Web sharing for Firefox","creator":"Mozilla","homepageURL":null},"visible":true,"active":true,"userDisabled":false,"appDisabled":false,"descriptor":"/Applications/Firefox.app/Contents/Resources/browser/features/loop@mozilla.org.xpi","installDate":1461071263000,"updateDate":1461071263000,"applyBackgroundUpdates":1,"bootstrap":true,"skinnable":false,"size":4109537,"sourceURI":null,"releaseNotesURI":null,"softDisabled":false,"foreignInstall":false,"hasBinaryComponents":false,"strictCompatibility":false,"locales":[],"targetApplications":[{"id":"{ec8030f7-c20a-464f-9b0e-13a3a9e97384}","minVersion":"45.0","maxVersion":"45.*"},{"id":"xpcshell@tests.mozilla.org","minVersion":"0","maxVersion":"10"}],"targetPlatforms":[],"multiprocessCompatible":false,"seen":true},{"id":"{972ce4c6-7e08-4474-a285-3208198ce6fd}","syncGUID":"kTwYofJ3QNAx","location":"app-global","version":"45.0.2","type":"theme","internalName":"classic/1.0","updateURL":null,"updateKey":null,"optionsURL":null,"optionsType":null,"aboutURL":null,"icons":{"32":"icon.png","48":"icon.png"},"iconURL":null,"icon64URL":null,"defaultLocale":{"name":"Default","description":"The default theme.","creator":"Mozilla","homepageURL":null,"contributors":["Mozilla Contributors"]},"visible":true,"active":true,"userDisabled":false,"appDisabled":false,"descriptor":"/Applications/Firefox.app/Contents/Resources/browser/extensions/{972ce4c6-7e08-4474-a285-3208198ce6fd}.xpi","installDate":1461071263000,"updateDate":1461071263000,"applyBackgroundUpdates":1,"skinnable":true,"size":7140,"sourceURI":null,"releaseNotesURI":null,"softDisabled":false,"foreignInstall":false,"hasBinaryComponents":false,"strictCompatibility":true,"locales":[],"targetApplications":[{"id":"{ec8030f7-c20a-464f-9b0e-13a3a9e97384}","minVersion":"45.0.2","maxVersion":"45.0.2"}],"targetPlatforms":[],"seen":true}]}